{
  "creds": {
    "noiseKey": {
      "private": {
        "type": "Buffer",
        "data": "yHCJDTjT+/OBbV4WIyipJG+uPKawPwx3xHSdMnos/2M="
      },
      "public": {
        "type": "Buffer",
        "data": "8TS6e3rCB1isdndnwxF+LKKOTaqlf6wr64dtJVFu1Tg="
      }
    },
    "signedIdentityKey": {
      "private": {
        "type": "Buffer",
        "data": "+M2ymBjdq6WH7w/atoMBGQzeAbG55uXHlXmbhTYBWUY="
      },
      "public": {
        "type": "Buffer",
        "data": "fkFMCtdMw9zZG7/H07Sej69Xf+a+2wYhqS9EN0L8EA0="
      }
    },
    "signedPreKey": {
      "keyPair": {
        "private": {
          "type": "Buffer",
          "data": "mHeA7jWGi6Ay0ngF/s6wxjtB2zEiteAr/OI6W/kd6VY="
        },
        "public": {
          "type": "Buffer",
          "data": "5Yj1XMYZS7jOQLoP8QSlWtLWMRdJAl3H4fGP/uzxnQg="
        }
      },
      "signature": {
        "type": "Buffer",
        "data": "zuByi1r0Wj7xxOQw3aneWp5bpVnIhHEkVGf702RreisCGLs/+bOSuZzUU5qQCn0kGqD+nJ0r4CVY6hVlaIk5BQ=="
      },
      "keyId": 1
    },
    "registrationId": 244,
    "advSecretKey": "wU1Xw6eAe9jyFMtrEC2WrN7Y0jGuVnKu6T5hjC5eGOA=",
    "nextPreKeyId": 31,
    "firstUnuploadedPreKeyId": 31,
    "serverHasPreKeys": true,
    "account": {
      "details": "CPDfnccFENLN95gGGAE=",
      "accountSignatureKey": "ADbEe9/bwyrJoF7WAtzj/k2diNq3cSI9wKsyvhCAGBg=",
      "accountSignature": "erKonbfpfwDjJ5f5v8rGDig7Mv+JbMyP4eom8qvwAW6IE8PA7wxKRxRzD9atkKvw/1NB9LKrZ8Y7GZMM5Y7tBw==",
      "deviceSignature": "mXzPzx9BEkPGA9eW8GtOBBX6OfWpyL/cW/G6ItaEvQbxypY5xMyMngZl3wY+ExvZS5wQQw0FoKekGf57QmCUBQ=="
    },
    "me": {
      "id": "6285788734756:23@s.whatsapp.net",
      "verifiedName": "",
      "name": "Haikal"
    },
    "signalIdentities": [
      {
        "identifier": {
          "name": "6285788734756:23@s.whatsapp.net",
          "deviceId": 0
        },
        "identifierKey": {
          "type": "Buffer",
          "data": "BQA2xHvf28MqyaBe1gLc4/5NnYjat3EiPcCrMr4QgBgY"
        }
      }
    ],
    "lastAccountSyncTimestamp": 1662904022,
    "myAppStateKeyId": "AAAAAAot"
  },
  "keys": {
    "preKeys": {
      "1": {
        "private": {
          "type": "Buffer",
          "data": "6MUckpsbogoLlKwC5V4TQ0o26KI6KjdivskpZu9eTUQ="
        },
        "public": {
          "type": "Buffer",
          "data": "S6MEADJKnJOjGyWrUr5+8r8/Uc3TE4narb9yx5X9ghg="
        }
      },
      "2": {
        "private": {
          "type": "Buffer",
          "data": "oKJxgTWaNTacJEfqREPXGJVaYP26E70UTkz5L8mVPHM="
        },
        "public": {
          "type": "Buffer",
          "data": "dCkLNyeLLU1oCSKpimgo0iRdaRix7d6e1yhKtjqjfE0="
        }
      },
      "3": {
        "private": {
          "type": "Buffer",
          "data": "wEv11aneA0CyIc0AiYIaKjin3GYNxTfkitnpc8k1p3s="
        },
        "public": {
          "type": "Buffer",
          "data": "6xZaYZQwT9SG8IGeXl4Mm4YV2Byl34i8op5ZpX+YQTg="
        }
      },
      "4": {
        "private": {
          "type": "Buffer",
          "data": "MHHTLZqz2vZ8TigTKwtWGM2auiBbF43FLK9d/aZ08Fk="
        },
        "public": {
          "type": "Buffer",
          "data": "8aPvt4KAsMlfywdVu/BSym7gtqH/wiME0cniKiiXAEg="
        }
      },
      "5": {
        "private": {
          "type": "Buffer",
          "data": "6Gw7ADX5Pvc2+gdIYX8Ql9a55Qs/Kv+iheU5DgDQzmk="
        },
        "public": {
          "type": "Buffer",
          "data": "uhQXUNXUkBkHbQ+eagbTdaHDDLjyRrSaOz9HFFw9VQE="
        }
      },
      "6": {
        "private": {
          "type": "Buffer",
          "data": "GGpaeiWGl5oz2/pnNfJgiXBwZRJrxH2UvtCUKZj3bFU="
        },
        "public": {
          "type": "Buffer",
          "data": "IP/hbOyMP4Amz+/ocyLNWQm5yWeC5BvtzdVyDVRxAQQ="
        }
      },
      "7": {
        "private": {
          "type": "Buffer",
          "data": "mHezVb8Kzuw7OszNrpj8vntQUCTikpxLNv2oSi2R2n0="
        },
        "public": {
          "type": "Buffer",
          "data": "VLMHzGT5LX3/14uGO+gioJM2gSmmQRe9aHy/i3JtgXM="
        }
      },
      "8": {
        "private": {
          "type": "Buffer",
          "data": "4COmkKQ/1HVmdfyvqVit+vbCdc+fo5NX8lguHKnMWn0="
        },
        "public": {
          "type": "Buffer",
          "data": "hh5UnMvTyaD7gUJ5tA2pPbw3dYsHLHDUXy4DSDr1J24="
        }
      },
      "9": {
        "private": {
          "type": "Buffer",
          "data": "6NYjK6NQopq7L2bQZBwIVKzXUPBGmAx2FLQBwYDYbm0="
        },
        "public": {
          "type": "Buffer",
          "data": "YzPAppixroUU9tVsENKgH31EfxLfDwVW53/By9M3dH4="
        }
      },
      "10": {
        "private": {
          "type": "Buffer",
          "data": "OFo/q691gAK6QBXsWC3JP38FLjddE5FIa2DRmH6d2n0="
        },
        "public": {
          "type": "Buffer",
          "data": "Os9Wz+LKHCWh1AjKlRS5KQ/ZXnkw3SzttvX7KAJJSho="
        }
      },
      "11": {
        "private": {
          "type": "Buffer",
          "data": "OHvs36JGs2zIRFLt5c6eTYebfbHziADE3nh0ype9L1o="
        },
        "public": {
          "type": "Buffer",
          "data": "kiZmK3HpH3lj6mEddXFz6NUpI2ZyZTpyXCDsvYydKEA="
        }
      },
      "12": {
        "private": {
          "type": "Buffer",
          "data": "SOdkO4pqNXG/JGh1VcAx7KIAll8HBlY2LkrYXVG93lM="
        },
        "public": {
          "type": "Buffer",
          "data": "60MKbrl+9HviHv+ZVl462itZ5R4VeT5hugQkroVTVgE="
        }
      },
      "13": {
        "private": {
          "type": "Buffer",
          "data": "gDxLHE6uypNIxk5g51Tm0EQ7c7UCxEAKW0zOh+3kNE4="
        },
        "public": {
          "type": "Buffer",
          "data": "OlaBz5v+Xky0nmNa7S0WbBqGCKpeXDwtdMICpXrRZyo="
        }
      },
      "14": {
        "private": {
          "type": "Buffer",
          "data": "wEVD4kd5W52g4grxgVSm9nbVoyzYE5YyqMUvbgM/P04="
        },
        "public": {
          "type": "Buffer",
          "data": "+tj4eq3IiW5G5+E4vzNgykJvBCsQrOkjFx+G7t9KBTY="
        }
      },
      "15": {
        "private": {
          "type": "Buffer",
          "data": "aNZF0DAAunEK73RvNWimgkhBgTZVPf35KLiRDgezfmI="
        },
        "public": {
          "type": "Buffer",
          "data": "hvh7GunKdx+gL91CEXeyooVnq0kH0YkFPI26sTYYNHI="
        }
      },
      "16": {
        "private": {
          "type": "Buffer",
          "data": "AK1Q9sMmQlsf90Ik5nldsGNFxVXuT7QdJU0QRHXmNUc="
        },
        "public": {
          "type": "Buffer",
          "data": "kytAuusbTJpdtbZ1LOCqxVyggnmtvpDSxKFxY9WjHHs="
        }
      },
      "17": {
        "private": {
          "type": "Buffer",
          "data": "MMnLY3B0sZWKYAOAOWiPK9J4BXKIFd9aZn6FFnpgQH0="
        },
        "public": {
          "type": "Buffer",
          "data": "3HN8q8LlCrIzzIPTZQ6X77/Z2PV0C5BAxW4SBfOpg1k="
        }
      },
      "18": {
        "private": {
          "type": "Buffer",
          "data": "6M4Zz5MwcMfTgbRnC6kDZ/NAeEu128VDPgGnjdW4wWs="
        },
        "public": {
          "type": "Buffer",
          "data": "IzL8SDgVQLXPArywJtzYWODeN9ROWc2FNcGda40TPEY="
        }
      },
      "19": {
        "private": {
          "type": "Buffer",
          "data": "WFQtdAcz3Y8wJ82IUnw87TxM9geew33hASusVi4DjHY="
        },
        "public": {
          "type": "Buffer",
          "data": "4W8eR8bqACPqwqeig9Oyv5xKMAu7MkjRtmBki13zrh8="
        }
      },
      "20": {
        "private": {
          "type": "Buffer",
          "data": "2ON4r69uCNSHIoXX3osiLDhFMpmQB24S4DDyusxJ+2s="
        },
        "public": {
          "type": "Buffer",
          "data": "hn5FBCKqMr+/hjKhKsxQ8qwkHDEzVOGeOOWLkEmUJDs="
        }
      },
      "21": null,
      "22": {
        "private": {
          "type": "Buffer",
          "data": "aB5kn0o/4ifMZ82AOWZCelResngymrzTw6z9JIAggEM="
        },
        "public": {
          "type": "Buffer",
          "data": "8Y4V5GIcncWrt5vXz/mmgm/DDkuP7X8XCQ+bkKM8vCw="
        }
      },
      "23": {
        "private": {
          "type": "Buffer",
          "data": "EDvV0nIQ1TKNKIcSUemjyt6GA5QJK/mISknGEhyzrHU="
        },
        "public": {
          "type": "Buffer",
          "data": "LI9hbIwyhyJKld/U0UROgBDHXy40UR4VNLraQFiY4lI="
        }
      },
      "24": {
        "private": {
          "type": "Buffer",
          "data": "2Bx95noq4fhsiaMH8DxGzGiWKG1vmalPpyMpchPebVM="
        },
        "public": {
          "type": "Buffer",
          "data": "cW48wUfvLQNrPPdm/2o/uI8y3vY6kT042WUeXWkdvSM="
        }
      },
      "25": {
        "private": {
          "type": "Buffer",
          "data": "aAQUPssc2GXH1FDaXsZOVaS/F4/Lu6LmMiYs6IBpSmU="
        },
        "public": {
          "type": "Buffer",
          "data": "DT6RMj26q69SwybD3wEQtORzapo6HdZvPanGmvvUkVw="
        }
      },
      "26": {
        "private": {
          "type": "Buffer",
          "data": "+FfUea+ylE8X97rMsxWeais8WPOH5nvBwH91DhVc6UI="
        },
        "public": {
          "type": "Buffer",
          "data": "epIs2eI+Oyg7+upJLVT/6mIvi4VWTfJFHnYuVG8klC8="
        }
      },
      "27": null,
      "28": {
        "private": {
          "type": "Buffer",
          "data": "KDY0djvvh0xDwssmIMAaqeN9+S3AtwBwivmMCROZ12Q="
        },
        "public": {
          "type": "Buffer",
          "data": "tygqzDIWDFs/ATD27P8yUk8lP8QBtqUTr1berE0zunc="
        }
      },
      "29": {
        "private": {
          "type": "Buffer",
          "data": "qFu7qN/ZaezZlbnkZrfmgW7QP80NLwbxBvUOZvE28Ug="
        },
        "public": {
          "type": "Buffer",
          "data": "kdy9HucxZOcPKeWL2Cw9kTtm5AbvT8teV0KiMPNVPxw="
        }
      },
      "30": {
        "private": {
          "type": "Buffer",
          "data": "YNZDzMoIFoPlfzht1IiOcEyZ9HQieRZvpbcqIZjhDno="
        },
        "public": {
          "type": "Buffer",
          "data": "IRE+VT98e1fPJNTtGfnkQHEFYd0a9p4UyfbByOE1IQE="
        }
      }
    },
    "sessions": {
      "6285788734756.0": {
        "_sessions": {
          "BSbLYJeKRsTC9WdwrqxxsUq3RG96x4W2OuXdFnIMiN5a": {
            "registrationId": 460515532,
            "currentRatchet": {
              "ephemeralKeyPair": {
                "pubKey": "BdH1j+D6TRx+LRkhY5yPWZde2W+4K7uNsbAj1BNCf7Nr",
                "privKey": "WEc6ShuI3Eb83yNANG3yAToJN87zgeacOchAs/69OE4="
              },
              "lastRemoteEphemeralKey": "BSxaurOMHe7/3m/9uFsnTSuEPHAcIpQKdVcuge3SytIr",
              "previousCounter": 0,
              "rootKey": "eML5U2nWBNDJacRJ2JfnWJtkekLZQxTOHvxMo38VgbE="
            },
            "indexInfo": {
              "baseKey": "BSbLYJeKRsTC9WdwrqxxsUq3RG96x4W2OuXdFnIMiN5a",
              "baseKeyType": 2,
              "closed": -1,
              "used": 1662904023316,
              "created": 1662904023316,
              "remoteIdentityKey": "BQA2xHvf28MqyaBe1gLc4/5NnYjat3EiPcCrMr4QgBgY"
            },
            "_chains": {
              "BSxaurOMHe7/3m/9uFsnTSuEPHAcIpQKdVcuge3SytIr": {
                "chainKey": {
                  "counter": 4,
                  "key": "Q8L5Lr1F1k90/9ojarjTsSZyqr+K3CjOne9UYcuekV8="
                },
                "chainType": 2,
                "messageKeys": {}
              },
              "BdH1j+D6TRx+LRkhY5yPWZde2W+4K7uNsbAj1BNCf7Nr": {
                "chainKey": {
                  "counter": -1,
                  "key": "T2QVZ/FKxMU6u5r8bf1QQ6UWx0+N6aTz6QZ7knP1YiI="
                },
                "chainType": 1,
                "messageKeys": {}
              }
            }
          }
        },
        "version": "v1"
      },
      "6285853570297.0": {
        "_sessions": {
          "BfWlaTj7AB5rk5eCY3/t3WDcAceps1YxRr2XzjP2YNx6": {
            "registrationId": 1721280088,
            "currentRatchet": {
              "ephemeralKeyPair": {
                "pubKey": "BQDHs3p1uJrOPmZBZ+XPJf8bh+BMsos9L1I+qnyd3XtY",
                "privKey": "mMqrjLmZyfhDX6y7KRBh8WRTPByo87VoQGe0PMJb1FY="
              },
              "lastRemoteEphemeralKey": "BVcBtHgEXCKFIS8kKvofPgfFK5mlzDBNRDe2lzw0uCtT",
              "previousCounter": 0,
              "rootKey": "HDLf95Mnac3BBTZEnjtDi17zNOHW91rClMWmDG6pIhU="
            },
            "indexInfo": {
              "baseKey": "BfWlaTj7AB5rk5eCY3/t3WDcAceps1YxRr2XzjP2YNx6",
              "baseKeyType": 2,
              "closed": -1,
              "used": 1662904045569,
              "created": 1662904045569,
              "remoteIdentityKey": "BcL/fMgf2QYCc5kEH1iddR0jDNe3KA5Hkc6s45ctzI07"
            },
            "_chains": {
              "BVcBtHgEXCKFIS8kKvofPgfFK5mlzDBNRDe2lzw0uCtT": {
                "chainKey": {
                  "counter": 0,
                  "key": "RKMftZLgI4GKIu8F/p0sBfOy0ipb9TP3IT9XnKazDrc="
                },
                "chainType": 2,
                "messageKeys": {}
              },
              "BQDHs3p1uJrOPmZBZ+XPJf8bh+BMsos9L1I+qnyd3XtY": {
                "chainKey": {
                  "counter": -1,
                  "key": "kOISUN8Sk/irJtrDHYkpjnN1RwzECqophlaU/OS7yjA="
                },
                "chainType": 1,
                "messageKeys": {}
              }
            }
          }
        },
        "version": "v1"
      }
    },
    "senderKeys": {
      "14168972387-1311776944@g.us::6285853570297::0": [
        {
          "senderKeyId": 1220284323,
          "senderChainKey": {
            "iteration": 1,
            "seed": "s9sf+ZsJVT6TT18Ror/M9d9kP/btJ+N32VLSzqoaEdg="
          },
          "senderSigningKey": {
            "public": "BUhZuQSurFnTPNVmD7THFpcyEvpEA3IgsR3CS9l4C/Ry"
          }
        }
      ]
    },
    "appStateSyncKeys": {
      "AAAAAAot": {
        "keyData": "J71Q9hIKlg+loZLCbdq/GlryCtluTCSouURaTsq1/Vk=",
        "fingerprint": {
          "rawId": 1491562480,
          "currentIndex": 1,
          "deviceIndexes": [
            0,
            1
          ]
        },
        "timestamp": "1662904024627"
      }
    },
    "appStateVersions": {
      "critical_block": {
        "version": 1,
        "hash": {
          "type": "Buffer",
          "data": "eYl7d3cxTzNNw4RHPMz6knp0ed7lcYj1cz31pbX9L7QknaDlPp7bsu/JfJnK424K8HU5kq98CIdeTbDNrsP+A+4X2AEvBML404sCH+L21Nucz7a1UsqIJnQYuuPd4nDb5Cx5qEfqpzxP+lMF/5VByUeZtOdfG7kpSMKHzI3G6oo="
        },
        "indexValueMap": {
          "hQb6hI7xMseDQQ+SohoRrnAkBbmasNw/LkQakHoL/nk=": {
            "valueMac": {
              "type": "Buffer",
              "data": "fU9qokG+E/HSEtPZ9axnpJXqUNEpZmZBNNO+qidbyKY="
            }
          },
          "uxlAqysUX198MHhPAK+ulxBM4cgxyuP1LKmX4qiCGdQ=": {
            "valueMac": {
              "type": "Buffer",
              "data": "HAsrz/aMZ/Sa7xEGUr+nlcPAyJpfFKJrteStfGCgTNw="
            }
          }
        }
      }
    }
  }
}