[{"id":"6281575886399@s.whatsapp.net","ikan":1,"ayam":1,"kelinci":6,"domba":0,"sapi":0,"gajah":2},{"id":"12496030270@s.whatsapp.net","ikan":9,"ayam":13,"kelinci":5,"domba":10,"sapi":3,"gajah":5},{"id":"6282331660134@s.whatsapp.net","ikan":0,"ayam":0,"kelinci":0,"domba":0,"sapi":0,"gajah":0},{"id":"6282331660134@s.whatsapp.net","ikan":4,"ayam":7,"kelinci":2,"domba":1,"sapi":0,"gajah":3},{"id":"6282331660134@s.whatsapp.net","ikan":8,"ayam":11,"kelinci":7,"domba":0,"sapi":3,"gajah":3},{"id":"6282331660134@s.whatsapp.net","ikan":0,"ayam":0,"kelinci":0,"domba":0,"sapi":0,"gajah":0},{"id":"6282331660134@s.whatsapp.net","ikan":5,"ayam":3,"kelinci":1,"domba":0,"sapi":1,"gajah":0},{"id":"6282331660134@s.whatsapp.net","ikan":34,"ayam":17,"kelinci":25,"domba":10,"sapi":14,"gajah":1},{"id":"6282331660134@s.whatsapp.net","ikan":0,"ayam":0,"kelinci":0,"domba":0,"sapi":0,"gajah":0},{"id":"6282331660134@s.whatsapp.net","ikan":0,"ayam":0,"kelinci":0,"domba":0,"sapi":0,"gajah":0}]